Year,Jan,Feb,Mar,Apr,May,Jun,Jul,Aug,Sep,Oct,Nov,Dec,,assigned to,Missing Months,,,
1947,,,,,,,,,,,,,,Divyansh,,,,
1948,,,,,,,,,,,,,,Divyansh,,,,
1949,,,,,,,,,,,,,,Divyansh,,,,
1950,,,,,,,,,,,,,,Divyansh,,,,
1951,,,,,,,,,,,,,,Divyansh,,,,
1952,,,,,,,,,,,,,,Divyansh,,,,
1953,,,,,,,,,,,,,,Divyansh,,,,
1954,,,,,,,,,,,,,,Divyansh,,,,JSON done verification required
1955,,,,,,,,,,,,,,Divyansh,,,,Present
1956,,,,,,,,,,,,,,Divyansh,,,,Not Printed
1957,,,,,,,,,,,,,,Divyansh,,,,
1958,,,,,,,,,,,,,,Divyansh,,,,
1959,,,,,,,,,,,,,,Divyansh,,,,
1960,,,,,,,,,,,,,,Divyansh,,,,
1961,,,,,,,,,,,,,,Divyansh,,,,
1962,,,,,,,,,,,,,,Divyansh,,,,
1963,,,,,,,,,,,,,,Divyansh,,,,
1964,,,,,,,,,,,,,,Sanjay,,,,
1965,,,,,,,,,,,,,,Sanjay,,,,
1966,,,,,,,,,,,,,,Sanjay,,,,
1967,,,,,,,,,,,,,,Sanjay,,,,
1968,,,,,,,,,,,,,,Sanjay,,,,
1969,,,,,,,,,,,,,,Sanjay,,,,
1970,,,,,,,,,,,,,,Sanjay,,,,
1971,,,,,,,,,,,,,,Sanjay,,,,
1972,,,,,,,,,,,,,,Sanjay,,,,
1973,,,,,,,,,,,,,,Sanjay,,,,
1974,,,,,,,,,,,,,,Sanjay,,,,
1975,,,,,,,,,,,,,,Sanjay,,,,
1976,,,,,,,,,,,,,,Sanjay,,,,
1977,,,,,,,,,,,,,,Sanjay,,,,
1978,,,,,,,,,,,,,,Sanjay,,,,
1979,,,,,,,,,,,,,,Sanjay,,,,
1980,,,,,,,,,,,,,,Sanjay,,,,
1981,,,,,,,,,,,,,,Sudheer,,,,
1982,,,,,,,,,,,,,,Sudheer,,,,
1983,,,,,,,,,,,,,,Sudheer,,,,
1984,,,,,,,,,,,,,,Sudheer,,,,
1985,,,,,,,,,,,,,,Sudheer,,,,
1986,,,,,,,,,,,,,,Sudheer,,,,
1987,,,,,,,,,,,,,,Sudheer,,,,
1988,,,,,,,,,,,,,,Sudheer,,,,
1989,,,,,,,,,,,,,,Sudheer,,,,
1990,,,,,,,,,,,,,,Sudheer,,,,
1991,,,,,,,,,,,,,,Sudheer,,,,
1992,,,,,,,,,,,,,,Sudheer,,,,
1993,,,,,,,,,,,,,,Sudheer,,,,
1994,,,,,,,,,,,,,,Sudheer,12,,,
1995,,,,,,,,,,,,,,Sudheer,2,,,
1996,,,,,,,,,,,,,,Sudheer,"1,7",,,
1997,,,,,,,,,,,,,,Sanjay,,,,
1998,,,,,,,,,,,,,,Sanjay,,,,
1999,,,,,,,,,,,,,,Sanjay,,,,
2000,,,,,,,,,,,,,,Sanjay,,,,
2001,,,,,,,,,,,,,,Sanjay,,,,
2002,,,,,,,,,,,,,,Sanjay,,,,
2003,,,,,,,,,,,,,,Divyansh,,,,
2004,,,,,,,,,,,,,,Divyansh,,,,
2005,,,,,,,,,,,,,,Divyansh,,,,
2006,,,,,,,,,,,,,,Divyansh,,,,
2007,,,,,,,,,,,,,,Divyansh,,,,
2008,,,,,,,,,,,,,,Divyansh,,,,
2009,,,,,,,,,,,,,,Divyansh,,,,
2010,,,,,,,,,,,,,,Divyansh,,,,
2011,,,,,,,,,,,,,,Divyansh,,,,
2012,,,,,,,,,,,,,,Divyansh,,,,